{
    "info": {
        "year": "2022",
        "version": "1",
        "description": "Exported from roboflow.ai",
        "contributor": "",
        "url": "https://public.roboflow.ai/object-detection/undefined",
        "date_created": "2022-02-18T19:03:15+00:00"
    },
    "licenses": [
        {
            "id": 1,
            "url": "https://creativecommons.org/licenses/by/4.0/",
            "name": "CC BY 4.0"
        }
    ],
    "categories": [
        {
            "id": 0,
            "name": "hammerhead",
            "supercategory": "none"
        },
        {
            "id": 1,
            "name": "hammerhead",
            "supercategory": "hammerhead"
        }
    ],
    "images": [
        {
            "id": 0,
            "license": 1,
            "file_name": "00000028_jpg.rf.11a5be7ae89b08795b5ea6aeeb5928d2.jpg",
            "height": 128,
            "width": 128,
            "date_captured": "2022-02-18T19:03:15+00:00"
        },
        {
            "id": 1,
            "license": 1,
            "file_name": "00000082_jpg.rf.300ec222e11dcc6dda6c72ad145481ce.jpg",
            "height": 128,
            "width": 128,
            "date_captured": "2022-02-18T19:03:15+00:00"
        },
        {
            "id": 2,
            "license": 1,
            "file_name": "00000092_jpg.rf.16640df78dd75548096d0f0411b3a4ed.jpg",
            "height": 128,
            "width": 128,
            "date_captured": "2022-02-18T19:03:15+00:00"
        },
        {
            "id": 3,
            "license": 1,
            "file_name": "00000149_jpg.rf.36261dd00bee4a39c7881859515854f9.jpg",
            "height": 128,
            "width": 128,
            "date_captured": "2022-02-18T19:03:15+00:00"
        },
        {
            "id": 4,
            "license": 1,
            "file_name": "00000032_jpg.rf.12e1d3c3f5210292b9df4cd5b9b98385.jpg",
            "height": 128,
            "width": 128,
            "date_captured": "2022-02-18T19:03:15+00:00"
        },
        {
            "id": 5,
            "license": 1,
            "file_name": "00000074_jpg.rf.1f5aaf472d47b61d2194ba188f0d62ba.jpg",
            "height": 128,
            "width": 128,
            "date_captured": "2022-02-18T19:03:15+00:00"
        },
        {
            "id": 6,
            "license": 1,
            "file_name": "00000128_jpg.rf.0448d5f58f97dd400368c683798950c4.jpg",
            "height": 128,
            "width": 128,
            "date_captured": "2022-02-18T19:03:15+00:00"
        },
        {
            "id": 7,
            "license": 1,
            "file_name": "00000054_jpeg.rf.24442251a440cdbb47636c99d0e4a07c.jpg",
            "height": 128,
            "width": 128,
            "date_captured": "2022-02-18T19:03:15+00:00"
        },
        {
            "id": 8,
            "license": 1,
            "file_name": "00000022_jpg.rf.0af8d3c3d7c818e6fcd95ef595798a7a.jpg",
            "height": 128,
            "width": 128,
            "date_captured": "2022-02-18T19:03:15+00:00"
        },
        {
            "id": 9,
            "license": 1,
            "file_name": "00000134_jpg.rf.1e6c4567a83028a4578fc61f3f9d64aa.jpg",
            "height": 128,
            "width": 128,
            "date_captured": "2022-02-18T19:03:15+00:00"
        },
        {
            "id": 10,
            "license": 1,
            "file_name": "00000051_jpg.rf.0a30edf72f7d42db34a802242c745402.jpg",
            "height": 128,
            "width": 128,
            "date_captured": "2022-02-18T19:03:15+00:00"
        },
        {
            "id": 11,
            "license": 1,
            "file_name": "00000073_jpg.rf.393583979dd8f3054666f46fa516803c.jpg",
            "height": 128,
            "width": 128,
            "date_captured": "2022-02-18T19:03:15+00:00"
        },
        {
            "id": 12,
            "license": 1,
            "file_name": "00000085_jpg.rf.04cdf7137a33f40ca7a73dcd6c619a73.jpg",
            "height": 128,
            "width": 128,
            "date_captured": "2022-02-18T19:03:15+00:00"
        },
        {
            "id": 13,
            "license": 1,
            "file_name": "00000127_jpg.rf.12ad22f4b2937b0ea636a2f30bff7ddf.jpg",
            "height": 128,
            "width": 128,
            "date_captured": "2022-02-18T19:03:15+00:00"
        },
        {
            "id": 14,
            "license": 1,
            "file_name": "00000053_jpg.rf.3265ddcea3d29eb70cc2eb4e23ed99ef.jpg",
            "height": 128,
            "width": 128,
            "date_captured": "2022-02-18T19:03:15+00:00"
        },
        {
            "id": 15,
            "license": 1,
            "file_name": "00000068_jpg.rf.1520a996763dfc62126a535e15c5ce08.jpg",
            "height": 128,
            "width": 128,
            "date_captured": "2022-02-18T19:03:15+00:00"
        },
        {
            "id": 16,
            "license": 1,
            "file_name": "00000008_jpg.rf.1a20bf58f26c5eaade28f576988281f5.jpg",
            "height": 128,
            "width": 128,
            "date_captured": "2022-02-18T19:03:15+00:00"
        },
        {
            "id": 17,
            "license": 1,
            "file_name": "00000126_jpg.rf.02c4b549f4fcacbbe6d240d5407e5208.jpg",
            "height": 128,
            "width": 128,
            "date_captured": "2022-02-18T19:03:15+00:00"
        },
        {
            "id": 18,
            "license": 1,
            "file_name": "00000017_jpg.rf.032c5565726caa3aad9e5d395f4f5060.jpg",
            "height": 128,
            "width": 128,
            "date_captured": "2022-02-18T19:03:15+00:00"
        },
        {
            "id": 19,
            "license": 1,
            "file_name": "00000030_jpg.rf.28f75b8b66e74c9700618942c1113f8a.jpg",
            "height": 128,
            "width": 128,
            "date_captured": "2022-02-18T19:03:15+00:00"
        },
        {
            "id": 20,
            "license": 1,
            "file_name": "00000048_jpg.rf.14e30a2b2c3e501e39a247d3e1608391.jpg",
            "height": 128,
            "width": 128,
            "date_captured": "2022-02-18T19:03:15+00:00"
        },
        {
            "id": 21,
            "license": 1,
            "file_name": "00000040_jpg.rf.4b94732f9e7327ae4010983836dff6a1.jpg",
            "height": 128,
            "width": 128,
            "date_captured": "2022-02-18T19:03:15+00:00"
        },
        {
            "id": 22,
            "license": 1,
            "file_name": "00000004_jpg.rf.47f8d96d078a49169fe343f2c4cbed0d.jpg",
            "height": 128,
            "width": 128,
            "date_captured": "2022-02-18T19:03:15+00:00"
        },
        {
            "id": 23,
            "license": 1,
            "file_name": "00000065_jpg.rf.4c389c869b97f2cf0a2f80e8c30b3cf1.jpg",
            "height": 128,
            "width": 128,
            "date_captured": "2022-02-18T19:03:15+00:00"
        },
        {
            "id": 24,
            "license": 1,
            "file_name": "00000132_jpg.rf.2d350e6f63a024e7b3365846ada9ccfd.jpg",
            "height": 128,
            "width": 128,
            "date_captured": "2022-02-18T19:03:15+00:00"
        },
        {
            "id": 25,
            "license": 1,
            "file_name": "00000062_jpg.rf.3b4183c282ea9444951c15bc4731f118.jpg",
            "height": 128,
            "width": 128,
            "date_captured": "2022-02-18T19:03:15+00:00"
        },
        {
            "id": 26,
            "license": 1,
            "file_name": "00000014_jpg.rf.58475b58f0ae8d143264c9b62b5a5630.jpg",
            "height": 128,
            "width": 128,
            "date_captured": "2022-02-18T19:03:15+00:00"
        },
        {
            "id": 27,
            "license": 1,
            "file_name": "00000007_jpg.rf.4a46bd40ac5ac59a5a0377f2f71ce481.jpg",
            "height": 128,
            "width": 128,
            "date_captured": "2022-02-18T19:03:15+00:00"
        },
        {
            "id": 28,
            "license": 1,
            "file_name": "00000045_jpg.rf.5c0e9c2efddb1ccfd2832e33e9fa7ca9.jpg",
            "height": 128,
            "width": 128,
            "date_captured": "2022-02-18T19:03:15+00:00"
        },
        {
            "id": 29,
            "license": 1,
            "file_name": "00000076_jpg.rf.5968a1b6575a73d35c052ad43cfe60d3.jpg",
            "height": 128,
            "width": 128,
            "date_captured": "2022-02-18T19:03:15+00:00"
        },
        {
            "id": 30,
            "license": 1,
            "file_name": "00000005_jpg.rf.5e413ffc1f4be8f2f57d8a18e6f6ed05.jpg",
            "height": 128,
            "width": 128,
            "date_captured": "2022-02-18T19:03:15+00:00"
        },
        {
            "id": 31,
            "license": 1,
            "file_name": "00000115_jpg.rf.3cc6421a473b9a1a26b29d3df6d3a460.jpg",
            "height": 128,
            "width": 128,
            "date_captured": "2022-02-18T19:03:15+00:00"
        },
        {
            "id": 32,
            "license": 1,
            "file_name": "00000067_jpg.rf.4e65c9582232e1495565dbd68e6312aa.jpg",
            "height": 128,
            "width": 128,
            "date_captured": "2022-02-18T19:03:15+00:00"
        },
        {
            "id": 33,
            "license": 1,
            "file_name": "00000104_jpg.rf.43119ee67069e860175820688b950cc1.jpg",
            "height": 128,
            "width": 128,
            "date_captured": "2022-02-18T19:03:15+00:00"
        },
        {
            "id": 34,
            "license": 1,
            "file_name": "00000044_jpg.rf.60b86f5aabaa7b88c0525a22217e7882.jpg",
            "height": 128,
            "width": 128,
            "date_captured": "2022-02-18T19:03:15+00:00"
        },
        {
            "id": 35,
            "license": 1,
            "file_name": "00000110_jpg.rf.5e26d7bacab5f90d9cae02443c1ee1bf.jpg",
            "height": 128,
            "width": 128,
            "date_captured": "2022-02-18T19:03:15+00:00"
        },
        {
            "id": 36,
            "license": 1,
            "file_name": "00000041_jpg.rf.5196b6eb31103acf52550c57d5e3d22b.jpg",
            "height": 128,
            "width": 128,
            "date_captured": "2022-02-18T19:03:15+00:00"
        },
        {
            "id": 37,
            "license": 1,
            "file_name": "00000102_jpg.rf.6203d34d6cb2b4a8fdd4a01dddcf4403.jpg",
            "height": 128,
            "width": 128,
            "date_captured": "2022-02-18T19:03:15+00:00"
        },
        {
            "id": 38,
            "license": 1,
            "file_name": "00000109_jpg.rf.4fd9020126a30163bd1bfd2c1e91cb08.jpg",
            "height": 128,
            "width": 128,
            "date_captured": "2022-02-18T19:03:15+00:00"
        },
        {
            "id": 39,
            "license": 1,
            "file_name": "00000077_jpg.rf.2bdccc50e812e62c1d53fa07bc5e43e7.jpg",
            "height": 128,
            "width": 128,
            "date_captured": "2022-02-18T19:03:15+00:00"
        },
        {
            "id": 40,
            "license": 1,
            "file_name": "00000003_jpeg.rf.420c4ce0951ea4e17ca808abedfaa1cb.jpg",
            "height": 128,
            "width": 128,
            "date_captured": "2022-02-18T19:03:15+00:00"
        },
        {
            "id": 41,
            "license": 1,
            "file_name": "00000012_jpg.rf.595d366e5be82cfb3da098f59c068bf9.jpg",
            "height": 128,
            "width": 128,
            "date_captured": "2022-02-18T19:03:15+00:00"
        },
        {
            "id": 42,
            "license": 1,
            "file_name": "00000063_jpg.rf.7fba0185e6dd9054462cf2cadc64f7dc.jpg",
            "height": 128,
            "width": 128,
            "date_captured": "2022-02-18T19:03:15+00:00"
        },
        {
            "id": 43,
            "license": 1,
            "file_name": "00000066_jpg.rf.82f1a3de8f4bf19ef21ac066d9005fd3.jpg",
            "height": 128,
            "width": 128,
            "date_captured": "2022-02-18T19:03:15+00:00"
        },
        {
            "id": 44,
            "license": 1,
            "file_name": "00000090_jpg.rf.5ca5ca6259d1a31311c645a784acec05.jpg",
            "height": 128,
            "width": 128,
            "date_captured": "2022-02-18T19:03:15+00:00"
        },
        {
            "id": 45,
            "license": 1,
            "file_name": "00000101_jpg.rf.64a547262c24d43fab9c9afdba07595c.jpg",
            "height": 128,
            "width": 128,
            "date_captured": "2022-02-18T19:03:15+00:00"
        },
        {
            "id": 46,
            "license": 1,
            "file_name": "00000147_jpg.rf.7e7ded7db1cae6cf5150337805cd0461.jpg",
            "height": 128,
            "width": 128,
            "date_captured": "2022-02-18T19:03:15+00:00"
        },
        {
            "id": 47,
            "license": 1,
            "file_name": "00000083_jpg.rf.619523b6a0ae2be6cc4c8874b438e3a3.jpg",
            "height": 128,
            "width": 128,
            "date_captured": "2022-02-18T19:03:15+00:00"
        },
        {
            "id": 48,
            "license": 1,
            "file_name": "00000087_jpg.rf.72074e6be5f9cfbb2a75a3325a58bf1d.jpg",
            "height": 128,
            "width": 128,
            "date_captured": "2022-02-18T19:03:15+00:00"
        },
        {
            "id": 49,
            "license": 1,
            "file_name": "00000057_jpg.rf.6dbb6e9fd6244f7f4233128a43f6cae6.jpg",
            "height": 128,
            "width": 128,
            "date_captured": "2022-02-18T19:03:15+00:00"
        },
        {
            "id": 50,
            "license": 1,
            "file_name": "00000036_jpg.rf.90217e1221c9438b29ced6b702e087e6.jpg",
            "height": 128,
            "width": 128,
            "date_captured": "2022-02-18T19:03:15+00:00"
        },
        {
            "id": 51,
            "license": 1,
            "file_name": "00000058_jpg.rf.828f5fe8af222b510339bdea091879cf.jpg",
            "height": 128,
            "width": 128,
            "date_captured": "2022-02-18T19:03:15+00:00"
        },
        {
            "id": 52,
            "license": 1,
            "file_name": "00000021_jpg.rf.79a0a81a6f34f9048e3acf275dd72b57.jpg",
            "height": 128,
            "width": 128,
            "date_captured": "2022-02-18T19:03:15+00:00"
        },
        {
            "id": 53,
            "license": 1,
            "file_name": "00000024_jpg.rf.01ab789a5f2cc786c9aa57367aa07acf.jpg",
            "height": 128,
            "width": 128,
            "date_captured": "2022-02-18T19:03:15+00:00"
        },
        {
            "id": 54,
            "license": 1,
            "file_name": "00000080_jpg.rf.981f0a00e2dacf621231d4a42b3a9270.jpg",
            "height": 128,
            "width": 128,
            "date_captured": "2022-02-18T19:03:15+00:00"
        },
        {
            "id": 55,
            "license": 1,
            "file_name": "00000089_jpg.rf.8bd9c45ad465c80f2c5432173403e91a.jpg",
            "height": 128,
            "width": 128,
            "date_captured": "2022-02-18T19:03:15+00:00"
        },
        {
            "id": 56,
            "license": 1,
            "file_name": "00000039_jpg.rf.981f876a1fba38e16c4524aed52d5fde.jpg",
            "height": 128,
            "width": 128,
            "date_captured": "2022-02-18T19:03:15+00:00"
        },
        {
            "id": 57,
            "license": 1,
            "file_name": "00000027_jpg.rf.878695394464c81db12a4b6374e97cd8.jpg",
            "height": 128,
            "width": 128,
            "date_captured": "2022-02-18T19:03:15+00:00"
        },
        {
            "id": 58,
            "license": 1,
            "file_name": "00000108_jpg.rf.9862782c84543696dd64b26bbe83f808.jpg",
            "height": 128,
            "width": 128,
            "date_captured": "2022-02-18T19:03:15+00:00"
        },
        {
            "id": 59,
            "license": 1,
            "file_name": "00000020_jpg.rf.9bc198b5d8b0af8d716e3662974c711c.jpg",
            "height": 128,
            "width": 128,
            "date_captured": "2022-02-18T19:03:15+00:00"
        },
        {
            "id": 60,
            "license": 1,
            "file_name": "00000018_jpg.rf.ad740c894f09fbf0d1156687326ac046.jpg",
            "height": 128,
            "width": 128,
            "date_captured": "2022-02-18T19:03:15+00:00"
        },
        {
            "id": 61,
            "license": 1,
            "file_name": "00000046_jpg.rf.a0d6699580c7d5d7fac8f1c0b20aa441.jpg",
            "height": 128,
            "width": 128,
            "date_captured": "2022-02-18T19:03:15+00:00"
        },
        {
            "id": 62,
            "license": 1,
            "file_name": "00000023_jpg.rf.b1693e3d9c982f974bf592aba7c89ee7.jpg",
            "height": 128,
            "width": 128,
            "date_captured": "2022-02-18T19:03:15+00:00"
        },
        {
            "id": 63,
            "license": 1,
            "file_name": "00000095_jpg.rf.9a8429256521729221dcaa42fd48ee14.jpg",
            "height": 128,
            "width": 128,
            "date_captured": "2022-02-18T19:03:15+00:00"
        },
        {
            "id": 64,
            "license": 1,
            "file_name": "00000111_jpg.rf.ae69ea07fcae358b6c845b7848b2d4a2.jpg",
            "height": 128,
            "width": 128,
            "date_captured": "2022-02-18T19:03:15+00:00"
        },
        {
            "id": 65,
            "license": 1,
            "file_name": "00000135_jpg.rf.9e489de7d64d29b10955de4050007300.jpg",
            "height": 128,
            "width": 128,
            "date_captured": "2022-02-18T19:03:15+00:00"
        },
        {
            "id": 66,
            "license": 1,
            "file_name": "00000106_jpg.rf.add44b7f4c4c54815993a90a6ebfaaa0.jpg",
            "height": 128,
            "width": 128,
            "date_captured": "2022-02-18T19:03:15+00:00"
        },
        {
            "id": 67,
            "license": 1,
            "file_name": "00000081_jpg.rf.a829f2cc7158d10e84f4adeba332820e.jpg",
            "height": 128,
            "width": 128,
            "date_captured": "2022-02-18T19:03:15+00:00"
        },
        {
            "id": 68,
            "license": 1,
            "file_name": "00000105_jpg.rf.959ba98c54f75d9711fd0e5a2e14ea61.jpg",
            "height": 128,
            "width": 128,
            "date_captured": "2022-02-18T19:03:15+00:00"
        },
        {
            "id": 69,
            "license": 1,
            "file_name": "00000033_jpg.rf.b005e3ce6e1ddb68dd118be5ff5f8269.jpg",
            "height": 128,
            "width": 128,
            "date_captured": "2022-02-18T19:03:15+00:00"
        },
        {
            "id": 70,
            "license": 1,
            "file_name": "00000031_jpg.rf.b5d5d1e7221d7385f8b330f72ef98312.jpg",
            "height": 128,
            "width": 128,
            "date_captured": "2022-02-18T19:03:15+00:00"
        },
        {
            "id": 71,
            "license": 1,
            "file_name": "00000098_jpg.rf.c18865f85d7571858720f72e425e9e8f.jpg",
            "height": 128,
            "width": 128,
            "date_captured": "2022-02-18T19:03:15+00:00"
        },
        {
            "id": 72,
            "license": 1,
            "file_name": "00000016_jpg.rf.9bd70c4e8afd4a0b6ae44bcf358fdf89.jpg",
            "height": 128,
            "width": 128,
            "date_captured": "2022-02-18T19:03:15+00:00"
        },
        {
            "id": 73,
            "license": 1,
            "file_name": "00000122_jpg.rf.be6c90e9156547221af14887a46e22cb.jpg",
            "height": 128,
            "width": 128,
            "date_captured": "2022-02-18T19:03:15+00:00"
        },
        {
            "id": 74,
            "license": 1,
            "file_name": "00000002_jpg.rf.afcf1b9693a9d4ade363a5b2670e8487.jpg",
            "height": 128,
            "width": 128,
            "date_captured": "2022-02-18T19:03:15+00:00"
        },
        {
            "id": 75,
            "license": 1,
            "file_name": "00000124_jpg.rf.d1ad95ffdf998c21d8c29f23905a987d.jpg",
            "height": 128,
            "width": 128,
            "date_captured": "2022-02-18T19:03:15+00:00"
        },
        {
            "id": 76,
            "license": 1,
            "file_name": "00000001_jpg.rf.adabf6cdf9c188f20feb2fd268eeed2e.jpg",
            "height": 128,
            "width": 128,
            "date_captured": "2022-02-18T19:03:15+00:00"
        },
        {
            "id": 77,
            "license": 1,
            "file_name": "00000145_jpg.rf.c5e22ad69e965bbfc1c6720e25c787fc.jpg",
            "height": 128,
            "width": 128,
            "date_captured": "2022-02-18T19:03:15+00:00"
        },
        {
            "id": 78,
            "license": 1,
            "file_name": "00000071_jpg.rf.d22b829a7dd5fb9a13f51a1dd95e6331.jpg",
            "height": 128,
            "width": 128,
            "date_captured": "2022-02-18T19:03:15+00:00"
        },
        {
            "id": 79,
            "license": 1,
            "file_name": "00000116_jpg.rf.b5d45103e1afb9c957bd761738aa9a64.jpg",
            "height": 128,
            "width": 128,
            "date_captured": "2022-02-18T19:03:15+00:00"
        },
        {
            "id": 80,
            "license": 1,
            "file_name": "00000130_jpg.rf.c61568a237dd18101cdfae13d392e63c.jpg",
            "height": 128,
            "width": 128,
            "date_captured": "2022-02-18T19:03:15+00:00"
        },
        {
            "id": 81,
            "license": 1,
            "file_name": "00000047_jpg.rf.ca3e1f2fa180db17e7cd60580640edcb.jpg",
            "height": 128,
            "width": 128,
            "date_captured": "2022-02-18T19:03:15+00:00"
        },
        {
            "id": 82,
            "license": 1,
            "file_name": "00000099_jpg.rf.e634fa874d6412d1eb063d54a2ce6c27.jpg",
            "height": 128,
            "width": 128,
            "date_captured": "2022-02-18T19:03:15+00:00"
        },
        {
            "id": 83,
            "license": 1,
            "file_name": "00000060_jpg.rf.dcabff2e0fa167f8b89cb7aeba0856d3.jpg",
            "height": 128,
            "width": 128,
            "date_captured": "2022-02-18T19:03:15+00:00"
        },
        {
            "id": 84,
            "license": 1,
            "file_name": "00000139_jpg.rf.d18a823d60be761af4e9caa7cd02e66b.jpg",
            "height": 128,
            "width": 128,
            "date_captured": "2022-02-18T19:03:15+00:00"
        },
        {
            "id": 85,
            "license": 1,
            "file_name": "00000091_jpg.rf.e1aa6ced8b9c429a7441fbb8584ea7f1.jpg",
            "height": 128,
            "width": 128,
            "date_captured": "2022-02-18T19:03:15+00:00"
        },
        {
            "id": 86,
            "license": 1,
            "file_name": "00000042_jpg.rf.d3b1589d86bf8fa7e91c6b297af5d5d6.jpg",
            "height": 128,
            "width": 128,
            "date_captured": "2022-02-18T19:03:15+00:00"
        },
        {
            "id": 87,
            "license": 1,
            "file_name": "00000037_jpg.rf.eada3084c192eeb4ec605e1d130131a3.jpg",
            "height": 128,
            "width": 128,
            "date_captured": "2022-02-18T19:03:15+00:00"
        },
        {
            "id": 88,
            "license": 1,
            "file_name": "00000097_jpg.rf.d919fcae91d383efa3ab9dad06e3bb22.jpg",
            "height": 128,
            "width": 128,
            "date_captured": "2022-02-18T19:03:15+00:00"
        },
        {
            "id": 89,
            "license": 1,
            "file_name": "00000072_jpg.rf.fb60197f957933933e303de72698bd4c.jpg",
            "height": 128,
            "width": 128,
            "date_captured": "2022-02-18T19:03:15+00:00"
        },
        {
            "id": 90,
            "license": 1,
            "file_name": "00000035_jpg.rf.e37ffd042a591b119cb04f2beadd83fd.jpg",
            "height": 128,
            "width": 128,
            "date_captured": "2022-02-18T19:03:15+00:00"
        },
        {
            "id": 91,
            "license": 1,
            "file_name": "00000055_jpg.rf.fb074abef92aa55b47d73ddb12dfc7a2.jpg",
            "height": 128,
            "width": 128,
            "date_captured": "2022-02-18T19:03:15+00:00"
        },
        {
            "id": 92,
            "license": 1,
            "file_name": "00000059_jpg.rf.d2520adde334d7c15c240fdbdee12404.jpg",
            "height": 128,
            "width": 128,
            "date_captured": "2022-02-18T19:03:15+00:00"
        },
        {
            "id": 93,
            "license": 1,
            "file_name": "00000000_png.rf.f32196329920cf826f0dca58ff700af2.jpg",
            "height": 128,
            "width": 128,
            "date_captured": "2022-02-18T19:03:15+00:00"
        },
        {
            "id": 94,
            "license": 1,
            "file_name": "00000086_jpg.rf.e3d8d1236a34e4155c94f93b70155750.jpg",
            "height": 128,
            "width": 128,
            "date_captured": "2022-02-18T19:03:15+00:00"
        },
        {
            "id": 95,
            "license": 1,
            "file_name": "00000140_jpg.rf.efbbfc4876b89b4df2aa45fc356d3ce8.jpg",
            "height": 128,
            "width": 128,
            "date_captured": "2022-02-18T19:03:15+00:00"
        },
        {
            "id": 96,
            "license": 1,
            "file_name": "00000050_jpg.rf.f7ba1e8694ba00a65bd2bc16e01ac3e8.jpg",
            "height": 128,
            "width": 128,
            "date_captured": "2022-02-18T19:03:15+00:00"
        },
        {
            "id": 97,
            "license": 1,
            "file_name": "00000013_jpg.rf.e1a95e190d7136ce8556f24149615445.jpg",
            "height": 128,
            "width": 128,
            "date_captured": "2022-02-18T19:03:15+00:00"
        },
        {
            "id": 98,
            "license": 1,
            "file_name": "00000034_jpg.rf.f216414257b037786e9f31e20b0c955e.jpg",
            "height": 128,
            "width": 128,
            "date_captured": "2022-02-18T19:03:15+00:00"
        },
        {
            "id": 99,
            "license": 1,
            "file_name": "00000049_jpg.rf.83437050e27fe8c42a01ebdca129d813.jpg",
            "height": 128,
            "width": 128,
            "date_captured": "2022-02-18T19:03:15+00:00"
        },
        {
            "id": 100,
            "license": 1,
            "file_name": "00000025_jpg.rf.3665f3a73e937b6a554d7cc265959253.jpg",
            "height": 128,
            "width": 128,
            "date_captured": "2022-02-18T19:03:15+00:00"
        },
        {
            "id": 101,
            "license": 1,
            "file_name": "00000070_jpg.rf.bb6fa3869f0b7bc1ae7274494767f083.jpg",
            "height": 128,
            "width": 128,
            "date_captured": "2022-02-18T19:03:15+00:00"
        }
    ],
    "annotations": [
        {
            "id": 0,
            "image_id": 0,
            "category_id": 1,
            "bbox": [
                16,
                23,
                96.5,
                78
            ],
            "area": 7527,
            "segmentation": [],
            "iscrowd": 0
        },
        {
            "id": 1,
            "image_id": 1,
            "category_id": 1,
            "bbox": [
                35,
                40,
                56,
                48.5
            ],
            "area": 2716,
            "segmentation": [],
            "iscrowd": 0
        },
        {
            "id": 2,
            "image_id": 2,
            "category_id": 1,
            "bbox": [
                57,
                5,
                47,
                92
            ],
            "area": 4324,
            "segmentation": [],
            "iscrowd": 0
        },
        {
            "id": 3,
            "image_id": 3,
            "category_id": 1,
            "bbox": [
                19,
                73,
                68,
                44
            ],
            "area": 2992,
            "segmentation": [],
            "iscrowd": 0
        },
        {
            "id": 4,
            "image_id": 4,
            "category_id": 1,
            "bbox": [
                7,
                19,
                96,
                93
            ],
            "area": 8928,
            "segmentation": [],
            "iscrowd": 0
        },
        {
            "id": 5,
            "image_id": 5,
            "category_id": 1,
            "bbox": [
                48,
                38,
                79,
                49
            ],
            "area": 3871,
            "segmentation": [],
            "iscrowd": 0
        },
        {
            "id": 6,
            "image_id": 6,
            "category_id": 1,
            "bbox": [
                58,
                45,
                41.5,
                32
            ],
            "area": 1328,
            "segmentation": [],
            "iscrowd": 0
        },
        {
            "id": 7,
            "image_id": 7,
            "category_id": 1,
            "bbox": [
                8,
                11,
                80.5,
                102.5
            ],
            "area": 8251.25,
            "segmentation": [],
            "iscrowd": 0
        },
        {
            "id": 8,
            "image_id": 8,
            "category_id": 1,
            "bbox": [
                0,
                42,
                115,
                62
            ],
            "area": 7130,
            "segmentation": [],
            "iscrowd": 0
        },
        {
            "id": 9,
            "image_id": 9,
            "category_id": 1,
            "bbox": [
                17,
                70,
                50,
                49.5
            ],
            "area": 2475,
            "segmentation": [],
            "iscrowd": 0
        },
        {
            "id": 10,
            "image_id": 10,
            "category_id": 1,
            "bbox": [
                42,
                26,
                56.5,
                33
            ],
            "area": 1864.5,
            "segmentation": [],
            "iscrowd": 0
        },
        {
            "id": 11,
            "image_id": 11,
            "category_id": 1,
            "bbox": [
                16,
                13,
                85,
                58.5
            ],
            "area": 4972.5,
            "segmentation": [],
            "iscrowd": 0
        },
        {
            "id": 12,
            "image_id": 12,
            "category_id": 1,
            "bbox": [
                34,
                42,
                68.5,
                43
            ],
            "area": 2945.5,
            "segmentation": [],
            "iscrowd": 0
        },
        {
            "id": 13,
            "image_id": 13,
            "category_id": 1,
            "bbox": [
                20,
                27,
                93,
                48
            ],
            "area": 4464,
            "segmentation": [],
            "iscrowd": 0
        },
        {
            "id": 14,
            "image_id": 14,
            "category_id": 1,
            "bbox": [
                15,
                7,
                75,
                112
            ],
            "area": 8400,
            "segmentation": [],
            "iscrowd": 0
        },
        {
            "id": 15,
            "image_id": 15,
            "category_id": 1,
            "bbox": [
                20,
                59,
                81,
                36.5
            ],
            "area": 2956.5,
            "segmentation": [],
            "iscrowd": 0
        },
        {
            "id": 16,
            "image_id": 16,
            "category_id": 1,
            "bbox": [
                9,
                37,
                83.5,
                64.5
            ],
            "area": 5385.75,
            "segmentation": [],
            "iscrowd": 0
        },
        {
            "id": 17,
            "image_id": 17,
            "category_id": 1,
            "bbox": [
                40,
                62,
                20,
                36
            ],
            "area": 720,
            "segmentation": [],
            "iscrowd": 0
        },
        {
            "id": 18,
            "image_id": 17,
            "category_id": 1,
            "bbox": [
                88,
                48,
                23.5,
                19
            ],
            "area": 446.5,
            "segmentation": [],
            "iscrowd": 0
        },
        {
            "id": 19,
            "image_id": 17,
            "category_id": 1,
            "bbox": [
                41,
                14,
                12.5,
                18.5
            ],
            "area": 231.25,
            "segmentation": [],
            "iscrowd": 0
        },
        {
            "id": 20,
            "image_id": 17,
            "category_id": 1,
            "bbox": [
                42,
                5,
                11.5,
                12.5
            ],
            "area": 143.75,
            "segmentation": [],
            "iscrowd": 0
        },
        {
            "id": 21,
            "image_id": 17,
            "category_id": 1,
            "bbox": [
                52,
                45,
                15.5,
                15
            ],
            "area": 232.5,
            "segmentation": [],
            "iscrowd": 0
        },
        {
            "id": 22,
            "image_id": 17,
            "category_id": 1,
            "bbox": [
                45,
                30,
                12.5,
                15
            ],
            "area": 187.5,
            "segmentation": [],
            "iscrowd": 0
        },
        {
            "id": 23,
            "image_id": 17,
            "category_id": 1,
            "bbox": [
                57,
                0,
                16,
                15
            ],
            "area": 240,
            "segmentation": [],
            "iscrowd": 0
        },
        {
            "id": 24,
            "image_id": 17,
            "category_id": 1,
            "bbox": [
                56,
                60,
                18,
                15
            ],
            "area": 270,
            "segmentation": [],
            "iscrowd": 0
        },
        {
            "id": 25,
            "image_id": 17,
            "category_id": 1,
            "bbox": [
                56,
                70,
                16,
                11.5
            ],
            "area": 184,
            "segmentation": [],
            "iscrowd": 0
        },
        {
            "id": 26,
            "image_id": 17,
            "category_id": 1,
            "bbox": [
                14,
                40,
                19.5,
                11
            ],
            "area": 214.5,
            "segmentation": [],
            "iscrowd": 0
        },
        {
            "id": 27,
            "image_id": 17,
            "category_id": 1,
            "bbox": [
                0,
                22,
                13.5,
                8
            ],
            "area": 108,
            "segmentation": [],
            "iscrowd": 0
        },
        {
            "id": 28,
            "image_id": 17,
            "category_id": 1,
            "bbox": [
                102,
                83,
                21,
                16.5
            ],
            "area": 346.5,
            "segmentation": [],
            "iscrowd": 0
        },
        {
            "id": 29,
            "image_id": 17,
            "category_id": 1,
            "bbox": [
                115,
                53,
                12.5,
                15.5
            ],
            "area": 193.75,
            "segmentation": [],
            "iscrowd": 0
        },
        {
            "id": 30,
            "image_id": 17,
            "category_id": 1,
            "bbox": [
                117,
                92,
                10,
                13
            ],
            "area": 130,
            "segmentation": [],
            "iscrowd": 0
        },
        {
            "id": 31,
            "image_id": 17,
            "category_id": 1,
            "bbox": [
                31,
                29,
                8,
                11.5
            ],
            "area": 92,
            "segmentation": [],
            "iscrowd": 0
        },
        {
            "id": 32,
            "image_id": 18,
            "category_id": 1,
            "bbox": [
                10,
                4,
                117,
                121
            ],
            "area": 14157,
            "segmentation": [],
            "iscrowd": 0
        },
        {
            "id": 33,
            "image_id": 19,
            "category_id": 1,
            "bbox": [
                25,
                11,
                89,
                83.5
            ],
            "area": 7431.5,
            "segmentation": [],
            "iscrowd": 0
        },
        {
            "id": 34,
            "image_id": 20,
            "category_id": 1,
            "bbox": [
                5,
                39,
                55.5,
                49
            ],
            "area": 2719.5,
            "segmentation": [],
            "iscrowd": 0
        },
        {
            "id": 35,
            "image_id": 21,
            "category_id": 1,
            "bbox": [
                9,
                49,
                118,
                50
            ],
            "area": 5900,
            "segmentation": [],
            "iscrowd": 0
        },
        {
            "id": 36,
            "image_id": 22,
            "category_id": 1,
            "bbox": [
                3,
                17,
                117.5,
                91
            ],
            "area": 10692.5,
            "segmentation": [],
            "iscrowd": 0
        },
        {
            "id": 37,
            "image_id": 23,
            "category_id": 1,
            "bbox": [
                10,
                35,
                48,
                34
            ],
            "area": 1632,
            "segmentation": [],
            "iscrowd": 0
        },
        {
            "id": 38,
            "image_id": 24,
            "category_id": 1,
            "bbox": [
                30,
                37,
                84,
                54
            ],
            "area": 4536,
            "segmentation": [],
            "iscrowd": 0
        },
        {
            "id": 39,
            "image_id": 25,
            "category_id": 1,
            "bbox": [
                38,
                26,
                67,
                43.5
            ],
            "area": 2914.5,
            "segmentation": [],
            "iscrowd": 0
        },
        {
            "id": 40,
            "image_id": 26,
            "category_id": 1,
            "bbox": [
                18,
                37,
                91,
                70.5
            ],
            "area": 6415.5,
            "segmentation": [],
            "iscrowd": 0
        },
        {
            "id": 41,
            "image_id": 27,
            "category_id": 1,
            "bbox": [
                3,
                28,
                111.5,
                93
            ],
            "area": 10369.5,
            "segmentation": [],
            "iscrowd": 0
        },
        {
            "id": 42,
            "image_id": 28,
            "category_id": 1,
            "bbox": [
                53,
                35,
                56.5,
                47.5
            ],
            "area": 2683.75,
            "segmentation": [],
            "iscrowd": 0
        },
        {
            "id": 43,
            "image_id": 29,
            "category_id": 1,
            "bbox": [
                90,
                53,
                37,
                50
            ],
            "area": 1850,
            "segmentation": [],
            "iscrowd": 0
        },
        {
            "id": 44,
            "image_id": 30,
            "category_id": 1,
            "bbox": [
                8,
                44,
                113.5,
                64
            ],
            "area": 7264,
            "segmentation": [],
            "iscrowd": 0
        },
        {
            "id": 45,
            "image_id": 31,
            "category_id": 1,
            "bbox": [
                35,
                48,
                67,
                40
            ],
            "area": 2680,
            "segmentation": [],
            "iscrowd": 0
        },
        {
            "id": 46,
            "image_id": 32,
            "category_id": 1,
            "bbox": [
                14,
                36,
                81.5,
                82
            ],
            "area": 6683,
            "segmentation": [],
            "iscrowd": 0
        },
        {
            "id": 47,
            "image_id": 33,
            "category_id": 1,
            "bbox": [
                17,
                43,
                110,
                54
            ],
            "area": 5940,
            "segmentation": [],
            "iscrowd": 0
        },
        {
            "id": 48,
            "image_id": 34,
            "category_id": 1,
            "bbox": [
                43,
                43,
                71.5,
                50
            ],
            "area": 3575,
            "segmentation": [],
            "iscrowd": 0
        },
        {
            "id": 49,
            "image_id": 35,
            "category_id": 1,
            "bbox": [
                69,
                0,
                27,
                34.5
            ],
            "area": 931.5,
            "segmentation": [],
            "iscrowd": 0
        },
        {
            "id": 50,
            "image_id": 35,
            "category_id": 1,
            "bbox": [
                6,
                12,
                27.5,
                21
            ],
            "area": 577.5,
            "segmentation": [],
            "iscrowd": 0
        },
        {
            "id": 51,
            "image_id": 35,
            "category_id": 1,
            "bbox": [
                19,
                67,
                23.5,
                20.5
            ],
            "area": 481.75,
            "segmentation": [],
            "iscrowd": 0
        },
        {
            "id": 52,
            "image_id": 36,
            "category_id": 1,
            "bbox": [
                26,
                48,
                56.5,
                39
            ],
            "area": 2203.5,
            "segmentation": [],
            "iscrowd": 0
        },
        {
            "id": 53,
            "image_id": 37,
            "category_id": 1,
            "bbox": [
                40,
                28,
                53.5,
                50
            ],
            "area": 2675,
            "segmentation": [],
            "iscrowd": 0
        },
        {
            "id": 54,
            "image_id": 38,
            "category_id": 1,
            "bbox": [
                68,
                1,
                28,
                40
            ],
            "area": 1120,
            "segmentation": [],
            "iscrowd": 0
        },
        {
            "id": 55,
            "image_id": 39,
            "category_id": 1,
            "bbox": [
                44,
                23,
                53.5,
                61
            ],
            "area": 3263.5,
            "segmentation": [],
            "iscrowd": 0
        },
        {
            "id": 56,
            "image_id": 40,
            "category_id": 1,
            "bbox": [
                18,
                26,
                94,
                94.5
            ],
            "area": 8883,
            "segmentation": [],
            "iscrowd": 0
        },
        {
            "id": 57,
            "image_id": 41,
            "category_id": 1,
            "bbox": [
                0,
                2,
                127.5,
                116
            ],
            "area": 14790,
            "segmentation": [],
            "iscrowd": 0
        },
        {
            "id": 58,
            "image_id": 42,
            "category_id": 1,
            "bbox": [
                17,
                40,
                75.5,
                73
            ],
            "area": 5511.5,
            "segmentation": [],
            "iscrowd": 0
        },
        {
            "id": 59,
            "image_id": 43,
            "category_id": 1,
            "bbox": [
                18,
                33,
                77,
                24.5
            ],
            "area": 1886.5,
            "segmentation": [],
            "iscrowd": 0
        },
        {
            "id": 60,
            "image_id": 44,
            "category_id": 1,
            "bbox": [
                21,
                41,
                78.5,
                36.5
            ],
            "area": 2865.25,
            "segmentation": [],
            "iscrowd": 0
        },
        {
            "id": 61,
            "image_id": 45,
            "category_id": 1,
            "bbox": [
                0,
                18,
                99.5,
                72.5
            ],
            "area": 7213.75,
            "segmentation": [],
            "iscrowd": 0
        },
        {
            "id": 62,
            "image_id": 46,
            "category_id": 1,
            "bbox": [
                41,
                45,
                72,
                29.5
            ],
            "area": 2124,
            "segmentation": [],
            "iscrowd": 0
        },
        {
            "id": 63,
            "image_id": 47,
            "category_id": 1,
            "bbox": [
                0,
                69,
                83.5,
                43.5
            ],
            "area": 3632.25,
            "segmentation": [],
            "iscrowd": 0
        },
        {
            "id": 64,
            "image_id": 48,
            "category_id": 1,
            "bbox": [
                17,
                43,
                110.5,
                54
            ],
            "area": 5967,
            "segmentation": [],
            "iscrowd": 0
        },
        {
            "id": 65,
            "image_id": 49,
            "category_id": 1,
            "bbox": [
                13,
                7,
                80,
                85.5
            ],
            "area": 6840,
            "segmentation": [],
            "iscrowd": 0
        },
        {
            "id": 66,
            "image_id": 50,
            "category_id": 1,
            "bbox": [
                11,
                18,
                79.5,
                68
            ],
            "area": 5406,
            "segmentation": [],
            "iscrowd": 0
        },
        {
            "id": 67,
            "image_id": 51,
            "category_id": 1,
            "bbox": [
                0,
                57,
                93,
                66
            ],
            "area": 6138,
            "segmentation": [],
            "iscrowd": 0
        },
        {
            "id": 68,
            "image_id": 52,
            "category_id": 1,
            "bbox": [
                8,
                30,
                83.5,
                44
            ],
            "area": 3674,
            "segmentation": [],
            "iscrowd": 0
        },
        {
            "id": 69,
            "image_id": 53,
            "category_id": 1,
            "bbox": [
                12,
                0,
                87,
                108
            ],
            "area": 9396,
            "segmentation": [],
            "iscrowd": 0
        },
        {
            "id": 70,
            "image_id": 54,
            "category_id": 1,
            "bbox": [
                34,
                37,
                63,
                44.5
            ],
            "area": 2803.5,
            "segmentation": [],
            "iscrowd": 0
        },
        {
            "id": 71,
            "image_id": 55,
            "category_id": 1,
            "bbox": [
                10,
                29,
                35.5,
                42
            ],
            "area": 1491,
            "segmentation": [],
            "iscrowd": 0
        },
        {
            "id": 72,
            "image_id": 56,
            "category_id": 1,
            "bbox": [
                4,
                25,
                98.5,
                77
            ],
            "area": 7584.5,
            "segmentation": [],
            "iscrowd": 0
        },
        {
            "id": 73,
            "image_id": 57,
            "category_id": 1,
            "bbox": [
                28,
                31,
                89.5,
                57
            ],
            "area": 5101.5,
            "segmentation": [],
            "iscrowd": 0
        },
        {
            "id": 74,
            "image_id": 58,
            "category_id": 1,
            "bbox": [
                53,
                24,
                71.5,
                40
            ],
            "area": 2860,
            "segmentation": [],
            "iscrowd": 0
        },
        {
            "id": 75,
            "image_id": 59,
            "category_id": 1,
            "bbox": [
                34,
                8,
                65,
                103.5
            ],
            "area": 6727.5,
            "segmentation": [],
            "iscrowd": 0
        },
        {
            "id": 76,
            "image_id": 60,
            "category_id": 1,
            "bbox": [
                1,
                27,
                103.5,
                88.5
            ],
            "area": 9159.75,
            "segmentation": [],
            "iscrowd": 0
        },
        {
            "id": 77,
            "image_id": 61,
            "category_id": 1,
            "bbox": [
                1,
                23,
                67,
                53
            ],
            "area": 3551,
            "segmentation": [],
            "iscrowd": 0
        },
        {
            "id": 78,
            "image_id": 62,
            "category_id": 1,
            "bbox": [
                14,
                19,
                95,
                89
            ],
            "area": 8455,
            "segmentation": [],
            "iscrowd": 0
        },
        {
            "id": 79,
            "image_id": 63,
            "category_id": 1,
            "bbox": [
                13,
                42,
                83,
                53
            ],
            "area": 4399,
            "segmentation": [],
            "iscrowd": 0
        },
        {
            "id": 80,
            "image_id": 64,
            "category_id": 1,
            "bbox": [
                5,
                19,
                66,
                54.5
            ],
            "area": 3597,
            "segmentation": [],
            "iscrowd": 0
        },
        {
            "id": 81,
            "image_id": 65,
            "category_id": 1,
            "bbox": [
                57,
                29,
                53,
                56
            ],
            "area": 2968,
            "segmentation": [],
            "iscrowd": 0
        },
        {
            "id": 82,
            "image_id": 66,
            "category_id": 1,
            "bbox": [
                18,
                44,
                79,
                50
            ],
            "area": 3950,
            "segmentation": [],
            "iscrowd": 0
        },
        {
            "id": 83,
            "image_id": 67,
            "category_id": 1,
            "bbox": [
                33,
                27,
                38,
                19
            ],
            "area": 722,
            "segmentation": [],
            "iscrowd": 0
        },
        {
            "id": 84,
            "image_id": 67,
            "category_id": 1,
            "bbox": [
                58,
                90,
                16.5,
                15.5
            ],
            "area": 255.75,
            "segmentation": [],
            "iscrowd": 0
        },
        {
            "id": 85,
            "image_id": 67,
            "category_id": 1,
            "bbox": [
                101,
                85,
                13,
                12.5
            ],
            "area": 162.5,
            "segmentation": [],
            "iscrowd": 0
        },
        {
            "id": 86,
            "image_id": 67,
            "category_id": 1,
            "bbox": [
                104,
                0,
                20.5,
                25
            ],
            "area": 512.5,
            "segmentation": [],
            "iscrowd": 0
        },
        {
            "id": 87,
            "image_id": 67,
            "category_id": 1,
            "bbox": [
                56,
                64,
                15,
                12
            ],
            "area": 180,
            "segmentation": [],
            "iscrowd": 0
        },
        {
            "id": 88,
            "image_id": 68,
            "category_id": 1,
            "bbox": [
                85,
                16,
                13.5,
                22
            ],
            "area": 297,
            "segmentation": [],
            "iscrowd": 0
        },
        {
            "id": 89,
            "image_id": 68,
            "category_id": 1,
            "bbox": [
                53,
                20,
                16,
                20
            ],
            "area": 320,
            "segmentation": [],
            "iscrowd": 0
        },
        {
            "id": 90,
            "image_id": 68,
            "category_id": 1,
            "bbox": [
                35,
                34,
                24,
                17
            ],
            "area": 408,
            "segmentation": [],
            "iscrowd": 0
        },
        {
            "id": 91,
            "image_id": 68,
            "category_id": 1,
            "bbox": [
                41,
                33,
                15.5,
                12
            ],
            "area": 186,
            "segmentation": [],
            "iscrowd": 0
        },
        {
            "id": 92,
            "image_id": 68,
            "category_id": 1,
            "bbox": [
                24,
                59,
                19.5,
                18.5
            ],
            "area": 360.75,
            "segmentation": [],
            "iscrowd": 0
        },
        {
            "id": 93,
            "image_id": 68,
            "category_id": 1,
            "bbox": [
                37,
                65,
                10.5,
                13
            ],
            "area": 136.5,
            "segmentation": [],
            "iscrowd": 0
        },
        {
            "id": 94,
            "image_id": 68,
            "category_id": 1,
            "bbox": [
                56,
                65,
                11,
                6
            ],
            "area": 66,
            "segmentation": [],
            "iscrowd": 0
        },
        {
            "id": 95,
            "image_id": 68,
            "category_id": 1,
            "bbox": [
                59,
                66,
                10.5,
                8.5
            ],
            "area": 89.25,
            "segmentation": [],
            "iscrowd": 0
        },
        {
            "id": 96,
            "image_id": 68,
            "category_id": 1,
            "bbox": [
                73,
                63,
                9,
                8
            ],
            "area": 72,
            "segmentation": [],
            "iscrowd": 0
        },
        {
            "id": 97,
            "image_id": 68,
            "category_id": 1,
            "bbox": [
                49,
                83,
                12,
                7
            ],
            "area": 84,
            "segmentation": [],
            "iscrowd": 0
        },
        {
            "id": 98,
            "image_id": 68,
            "category_id": 1,
            "bbox": [
                34,
                84,
                13.5,
                8
            ],
            "area": 108,
            "segmentation": [],
            "iscrowd": 0
        },
        {
            "id": 99,
            "image_id": 68,
            "category_id": 1,
            "bbox": [
                44,
                90,
                8.5,
                6.5
            ],
            "area": 55.25,
            "segmentation": [],
            "iscrowd": 0
        },
        {
            "id": 100,
            "image_id": 68,
            "category_id": 1,
            "bbox": [
                6,
                72,
                5,
                5
            ],
            "area": 25,
            "segmentation": [],
            "iscrowd": 0
        },
        {
            "id": 101,
            "image_id": 68,
            "category_id": 1,
            "bbox": [
                62,
                94,
                13.5,
                6
            ],
            "area": 81,
            "segmentation": [],
            "iscrowd": 0
        },
        {
            "id": 102,
            "image_id": 68,
            "category_id": 1,
            "bbox": [
                93,
                72,
                8.5,
                9
            ],
            "area": 76.5,
            "segmentation": [],
            "iscrowd": 0
        },
        {
            "id": 103,
            "image_id": 68,
            "category_id": 1,
            "bbox": [
                87,
                98,
                9,
                7
            ],
            "area": 63,
            "segmentation": [],
            "iscrowd": 0
        },
        {
            "id": 104,
            "image_id": 68,
            "category_id": 1,
            "bbox": [
                74,
                105,
                12,
                7
            ],
            "area": 84,
            "segmentation": [],
            "iscrowd": 0
        },
        {
            "id": 105,
            "image_id": 68,
            "category_id": 1,
            "bbox": [
                63,
                105,
                10.5,
                7
            ],
            "area": 73.5,
            "segmentation": [],
            "iscrowd": 0
        },
        {
            "id": 106,
            "image_id": 68,
            "category_id": 1,
            "bbox": [
                56,
                107,
                10.5,
                8.5
            ],
            "area": 89.25,
            "segmentation": [],
            "iscrowd": 0
        },
        {
            "id": 107,
            "image_id": 68,
            "category_id": 1,
            "bbox": [
                40,
                109,
                10,
                8.5
            ],
            "area": 85,
            "segmentation": [],
            "iscrowd": 0
        },
        {
            "id": 108,
            "image_id": 68,
            "category_id": 1,
            "bbox": [
                35,
                108,
                5.5,
                8
            ],
            "area": 44,
            "segmentation": [],
            "iscrowd": 0
        },
        {
            "id": 109,
            "image_id": 68,
            "category_id": 1,
            "bbox": [
                19,
                98,
                7.5,
                6.5
            ],
            "area": 48.75,
            "segmentation": [],
            "iscrowd": 0
        },
        {
            "id": 110,
            "image_id": 68,
            "category_id": 1,
            "bbox": [
                0,
                84,
                9.5,
                11.5
            ],
            "area": 109.25,
            "segmentation": [],
            "iscrowd": 0
        },
        {
            "id": 111,
            "image_id": 68,
            "category_id": 1,
            "bbox": [
                80,
                34,
                14,
                17.5
            ],
            "area": 245,
            "segmentation": [],
            "iscrowd": 0
        },
        {
            "id": 112,
            "image_id": 68,
            "category_id": 1,
            "bbox": [
                80,
                55,
                9,
                10.5
            ],
            "area": 94.5,
            "segmentation": [],
            "iscrowd": 0
        },
        {
            "id": 113,
            "image_id": 69,
            "category_id": 1,
            "bbox": [
                5,
                6,
                90.5,
                100.5
            ],
            "area": 9095.25,
            "segmentation": [],
            "iscrowd": 0
        },
        {
            "id": 114,
            "image_id": 70,
            "category_id": 1,
            "bbox": [
                23,
                3,
                94,
                62
            ],
            "area": 5828,
            "segmentation": [],
            "iscrowd": 0
        },
        {
            "id": 115,
            "image_id": 71,
            "category_id": 1,
            "bbox": [
                0,
                71,
                86.5,
                56.5
            ],
            "area": 4887.25,
            "segmentation": [],
            "iscrowd": 0
        },
        {
            "id": 116,
            "image_id": 72,
            "category_id": 1,
            "bbox": [
                34,
                6,
                64,
                111.5
            ],
            "area": 7136,
            "segmentation": [],
            "iscrowd": 0
        },
        {
            "id": 117,
            "image_id": 73,
            "category_id": 1,
            "bbox": [
                76,
                51,
                51.5,
                33
            ],
            "area": 1699.5,
            "segmentation": [],
            "iscrowd": 0
        },
        {
            "id": 118,
            "image_id": 74,
            "category_id": 1,
            "bbox": [
                16,
                33,
                84.5,
                68
            ],
            "area": 5746,
            "segmentation": [],
            "iscrowd": 0
        },
        {
            "id": 119,
            "image_id": 75,
            "category_id": 1,
            "bbox": [
                4,
                42,
                51.5,
                43
            ],
            "area": 2214.5,
            "segmentation": [],
            "iscrowd": 0
        },
        {
            "id": 120,
            "image_id": 76,
            "category_id": 1,
            "bbox": [
                19,
                36,
                92,
                56.5
            ],
            "area": 5198,
            "segmentation": [],
            "iscrowd": 0
        },
        {
            "id": 121,
            "image_id": 77,
            "category_id": 1,
            "bbox": [
                16,
                22,
                90,
                67.5
            ],
            "area": 6075,
            "segmentation": [],
            "iscrowd": 0
        },
        {
            "id": 122,
            "image_id": 78,
            "category_id": 1,
            "bbox": [
                18,
                55,
                99,
                41.5
            ],
            "area": 4108.5,
            "segmentation": [],
            "iscrowd": 0
        },
        {
            "id": 123,
            "image_id": 79,
            "category_id": 1,
            "bbox": [
                83,
                16,
                25.5,
                39.5
            ],
            "area": 1007.25,
            "segmentation": [],
            "iscrowd": 0
        },
        {
            "id": 124,
            "image_id": 80,
            "category_id": 1,
            "bbox": [
                38,
                26,
                25.5,
                18
            ],
            "area": 459,
            "segmentation": [],
            "iscrowd": 0
        },
        {
            "id": 125,
            "image_id": 80,
            "category_id": 1,
            "bbox": [
                106,
                32,
                14,
                23
            ],
            "area": 322,
            "segmentation": [],
            "iscrowd": 0
        },
        {
            "id": 126,
            "image_id": 80,
            "category_id": 1,
            "bbox": [
                85,
                39,
                14,
                12.5
            ],
            "area": 175,
            "segmentation": [],
            "iscrowd": 0
        },
        {
            "id": 127,
            "image_id": 80,
            "category_id": 1,
            "bbox": [
                67,
                43,
                17.5,
                12
            ],
            "area": 210,
            "segmentation": [],
            "iscrowd": 0
        },
        {
            "id": 128,
            "image_id": 80,
            "category_id": 1,
            "bbox": [
                62,
                40,
                15,
                9.5
            ],
            "area": 142.5,
            "segmentation": [],
            "iscrowd": 0
        },
        {
            "id": 129,
            "image_id": 80,
            "category_id": 1,
            "bbox": [
                54,
                44,
                9,
                8
            ],
            "area": 72,
            "segmentation": [],
            "iscrowd": 0
        },
        {
            "id": 130,
            "image_id": 80,
            "category_id": 1,
            "bbox": [
                76,
                21,
                15,
                9.5
            ],
            "area": 142.5,
            "segmentation": [],
            "iscrowd": 0
        },
        {
            "id": 131,
            "image_id": 80,
            "category_id": 1,
            "bbox": [
                86,
                10,
                11,
                16
            ],
            "area": 176,
            "segmentation": [],
            "iscrowd": 0
        },
        {
            "id": 132,
            "image_id": 80,
            "category_id": 1,
            "bbox": [
                71,
                5,
                11.5,
                10.5
            ],
            "area": 120.75,
            "segmentation": [],
            "iscrowd": 0
        },
        {
            "id": 133,
            "image_id": 80,
            "category_id": 1,
            "bbox": [
                29,
                22,
                12.5,
                12
            ],
            "area": 150,
            "segmentation": [],
            "iscrowd": 0
        },
        {
            "id": 134,
            "image_id": 80,
            "category_id": 1,
            "bbox": [
                8,
                37,
                16.5,
                20
            ],
            "area": 330,
            "segmentation": [],
            "iscrowd": 0
        },
        {
            "id": 135,
            "image_id": 80,
            "category_id": 1,
            "bbox": [
                25,
                58,
                13,
                12.5
            ],
            "area": 162.5,
            "segmentation": [],
            "iscrowd": 0
        },
        {
            "id": 136,
            "image_id": 80,
            "category_id": 1,
            "bbox": [
                47,
                65,
                8,
                7
            ],
            "area": 56,
            "segmentation": [],
            "iscrowd": 0
        },
        {
            "id": 137,
            "image_id": 80,
            "category_id": 1,
            "bbox": [
                59,
                70,
                8.5,
                7.5
            ],
            "area": 63.75,
            "segmentation": [],
            "iscrowd": 0
        },
        {
            "id": 138,
            "image_id": 80,
            "category_id": 1,
            "bbox": [
                47,
                74,
                11,
                9
            ],
            "area": 99,
            "segmentation": [],
            "iscrowd": 0
        },
        {
            "id": 139,
            "image_id": 80,
            "category_id": 1,
            "bbox": [
                35,
                80,
                13.5,
                11
            ],
            "area": 148.5,
            "segmentation": [],
            "iscrowd": 0
        },
        {
            "id": 140,
            "image_id": 80,
            "category_id": 1,
            "bbox": [
                32,
                91,
                8.5,
                8
            ],
            "area": 68,
            "segmentation": [],
            "iscrowd": 0
        },
        {
            "id": 141,
            "image_id": 80,
            "category_id": 1,
            "bbox": [
                53,
                91,
                12.5,
                7.5
            ],
            "area": 93.75,
            "segmentation": [],
            "iscrowd": 0
        },
        {
            "id": 142,
            "image_id": 80,
            "category_id": 1,
            "bbox": [
                77,
                100,
                9.5,
                9.5
            ],
            "area": 90.25,
            "segmentation": [],
            "iscrowd": 0
        },
        {
            "id": 143,
            "image_id": 80,
            "category_id": 1,
            "bbox": [
                55,
                103,
                11.5,
                10.5
            ],
            "area": 120.75,
            "segmentation": [],
            "iscrowd": 0
        },
        {
            "id": 144,
            "image_id": 80,
            "category_id": 1,
            "bbox": [
                38,
                102,
                8.5,
                7
            ],
            "area": 59.5,
            "segmentation": [],
            "iscrowd": 0
        },
        {
            "id": 145,
            "image_id": 80,
            "category_id": 1,
            "bbox": [
                7,
                105,
                12.5,
                12
            ],
            "area": 150,
            "segmentation": [],
            "iscrowd": 0
        },
        {
            "id": 146,
            "image_id": 81,
            "category_id": 1,
            "bbox": [
                32,
                42,
                80,
                54.5
            ],
            "area": 4360,
            "segmentation": [],
            "iscrowd": 0
        },
        {
            "id": 147,
            "image_id": 82,
            "category_id": 1,
            "bbox": [
                18,
                8,
                66.5,
                56
            ],
            "area": 3724,
            "segmentation": [],
            "iscrowd": 0
        },
        {
            "id": 148,
            "image_id": 83,
            "category_id": 1,
            "bbox": [
                12,
                32,
                71,
                61
            ],
            "area": 4331,
            "segmentation": [],
            "iscrowd": 0
        },
        {
            "id": 149,
            "image_id": 84,
            "category_id": 1,
            "bbox": [
                36,
                34,
                15,
                32
            ],
            "area": 480,
            "segmentation": [],
            "iscrowd": 0
        },
        {
            "id": 150,
            "image_id": 84,
            "category_id": 1,
            "bbox": [
                86,
                69,
                18.5,
                26
            ],
            "area": 481,
            "segmentation": [],
            "iscrowd": 0
        },
        {
            "id": 151,
            "image_id": 84,
            "category_id": 1,
            "bbox": [
                14,
                83,
                19.5,
                19
            ],
            "area": 370.5,
            "segmentation": [],
            "iscrowd": 0
        },
        {
            "id": 152,
            "image_id": 84,
            "category_id": 1,
            "bbox": [
                1,
                68,
                15,
                22.5
            ],
            "area": 337.5,
            "segmentation": [],
            "iscrowd": 0
        },
        {
            "id": 153,
            "image_id": 84,
            "category_id": 1,
            "bbox": [
                4,
                7,
                12,
                14.5
            ],
            "area": 174,
            "segmentation": [],
            "iscrowd": 0
        },
        {
            "id": 154,
            "image_id": 84,
            "category_id": 1,
            "bbox": [
                42,
                6,
                11,
                14
            ],
            "area": 154,
            "segmentation": [],
            "iscrowd": 0
        },
        {
            "id": 155,
            "image_id": 84,
            "category_id": 1,
            "bbox": [
                76,
                5,
                8.5,
                18
            ],
            "area": 153,
            "segmentation": [],
            "iscrowd": 0
        },
        {
            "id": 156,
            "image_id": 84,
            "category_id": 1,
            "bbox": [
                83,
                25,
                11,
                12.5
            ],
            "area": 137.5,
            "segmentation": [],
            "iscrowd": 0
        },
        {
            "id": 157,
            "image_id": 84,
            "category_id": 1,
            "bbox": [
                101,
                0,
                16.5,
                19
            ],
            "area": 313.5,
            "segmentation": [],
            "iscrowd": 0
        },
        {
            "id": 158,
            "image_id": 84,
            "category_id": 1,
            "bbox": [
                118,
                37,
                10,
                22
            ],
            "area": 220,
            "segmentation": [],
            "iscrowd": 0
        },
        {
            "id": 159,
            "image_id": 84,
            "category_id": 1,
            "bbox": [
                64,
                71,
                10,
                16.5
            ],
            "area": 165,
            "segmentation": [],
            "iscrowd": 0
        },
        {
            "id": 160,
            "image_id": 84,
            "category_id": 1,
            "bbox": [
                37,
                63,
                10,
                12.5
            ],
            "area": 125,
            "segmentation": [],
            "iscrowd": 0
        },
        {
            "id": 161,
            "image_id": 84,
            "category_id": 1,
            "bbox": [
                14,
                67,
                14,
                8
            ],
            "area": 112,
            "segmentation": [],
            "iscrowd": 0
        },
        {
            "id": 162,
            "image_id": 84,
            "category_id": 1,
            "bbox": [
                24,
                54,
                6.5,
                8
            ],
            "area": 52,
            "segmentation": [],
            "iscrowd": 0
        },
        {
            "id": 163,
            "image_id": 84,
            "category_id": 1,
            "bbox": [
                91,
                97,
                7.5,
                10
            ],
            "area": 75,
            "segmentation": [],
            "iscrowd": 0
        },
        {
            "id": 164,
            "image_id": 84,
            "category_id": 1,
            "bbox": [
                86,
                112,
                15,
                11
            ],
            "area": 165,
            "segmentation": [],
            "iscrowd": 0
        },
        {
            "id": 165,
            "image_id": 84,
            "category_id": 1,
            "bbox": [
                33,
                114,
                6.5,
                8.5
            ],
            "area": 55.25,
            "segmentation": [],
            "iscrowd": 0
        },
        {
            "id": 166,
            "image_id": 84,
            "category_id": 1,
            "bbox": [
                8,
                111,
                9,
                11
            ],
            "area": 99,
            "segmentation": [],
            "iscrowd": 0
        },
        {
            "id": 167,
            "image_id": 84,
            "category_id": 1,
            "bbox": [
                6,
                93,
                13,
                17
            ],
            "area": 221,
            "segmentation": [],
            "iscrowd": 0
        },
        {
            "id": 168,
            "image_id": 84,
            "category_id": 1,
            "bbox": [
                25,
                32,
                11.5,
                14
            ],
            "area": 161,
            "segmentation": [],
            "iscrowd": 0
        },
        {
            "id": 169,
            "image_id": 85,
            "category_id": 1,
            "bbox": [
                10,
                44,
                103.5,
                49.5
            ],
            "area": 5123.25,
            "segmentation": [],
            "iscrowd": 0
        },
        {
            "id": 170,
            "image_id": 86,
            "category_id": 1,
            "bbox": [
                39,
                46,
                44.5,
                31.5
            ],
            "area": 1401.75,
            "segmentation": [],
            "iscrowd": 0
        },
        {
            "id": 171,
            "image_id": 87,
            "category_id": 1,
            "bbox": [
                30,
                28,
                75,
                68
            ],
            "area": 5100,
            "segmentation": [],
            "iscrowd": 0
        },
        {
            "id": 172,
            "image_id": 88,
            "category_id": 1,
            "bbox": [
                53,
                39,
                71,
                45
            ],
            "area": 3195,
            "segmentation": [],
            "iscrowd": 0
        },
        {
            "id": 173,
            "image_id": 89,
            "category_id": 1,
            "bbox": [
                24,
                5,
                57,
                61
            ],
            "area": 3477,
            "segmentation": [],
            "iscrowd": 0
        },
        {
            "id": 174,
            "image_id": 90,
            "category_id": 1,
            "bbox": [
                21,
                29,
                84,
                55
            ],
            "area": 4620,
            "segmentation": [],
            "iscrowd": 0
        },
        {
            "id": 175,
            "image_id": 90,
            "category_id": 1,
            "bbox": [
                70,
                86,
                29.5,
                23
            ],
            "area": 678.5,
            "segmentation": [],
            "iscrowd": 0
        },
        {
            "id": 176,
            "image_id": 91,
            "category_id": 1,
            "bbox": [
                35,
                35,
                78,
                63
            ],
            "area": 4914,
            "segmentation": [],
            "iscrowd": 0
        },
        {
            "id": 177,
            "image_id": 92,
            "category_id": 1,
            "bbox": [
                26,
                4,
                68.5,
                62.5
            ],
            "area": 4281.25,
            "segmentation": [],
            "iscrowd": 0
        },
        {
            "id": 178,
            "image_id": 93,
            "category_id": 1,
            "bbox": [
                15,
                28,
                48.5,
                57.5
            ],
            "area": 2788.75,
            "segmentation": [],
            "iscrowd": 0
        },
        {
            "id": 179,
            "image_id": 94,
            "category_id": 1,
            "bbox": [
                0,
                44,
                90,
                51.5
            ],
            "area": 4635,
            "segmentation": [],
            "iscrowd": 0
        },
        {
            "id": 180,
            "image_id": 95,
            "category_id": 1,
            "bbox": [
                8,
                32,
                55,
                48
            ],
            "area": 2640,
            "segmentation": [],
            "iscrowd": 0
        },
        {
            "id": 181,
            "image_id": 96,
            "category_id": 1,
            "bbox": [
                9,
                9,
                96,
                63.5
            ],
            "area": 6096,
            "segmentation": [],
            "iscrowd": 0
        },
        {
            "id": 182,
            "image_id": 97,
            "category_id": 1,
            "bbox": [
                20,
                30,
                82.5,
                98
            ],
            "area": 8085,
            "segmentation": [],
            "iscrowd": 0
        },
        {
            "id": 183,
            "image_id": 98,
            "category_id": 1,
            "bbox": [
                64,
                20,
                52.5,
                63
            ],
            "area": 3307.5,
            "segmentation": [],
            "iscrowd": 0
        },
        {
            "id": 184,
            "image_id": 98,
            "category_id": 1,
            "bbox": [
                35,
                15,
                28,
                43.5
            ],
            "area": 1218,
            "segmentation": [],
            "iscrowd": 0
        },
        {
            "id": 185,
            "image_id": 99,
            "category_id": 1,
            "bbox": [
                27,
                71,
                46.5,
                27
            ],
            "area": 1255.5,
            "segmentation": [],
            "iscrowd": 0
        },
        {
            "id": 186,
            "image_id": 99,
            "category_id": 1,
            "bbox": [
                47,
                56,
                21,
                13
            ],
            "area": 273,
            "segmentation": [],
            "iscrowd": 0
        },
        {
            "id": 187,
            "image_id": 99,
            "category_id": 1,
            "bbox": [
                75,
                34,
                24.5,
                13
            ],
            "area": 318.5,
            "segmentation": [],
            "iscrowd": 0
        },
        {
            "id": 188,
            "image_id": 99,
            "category_id": 1,
            "bbox": [
                32,
                2,
                13.5,
                10
            ],
            "area": 135,
            "segmentation": [],
            "iscrowd": 0
        },
        {
            "id": 189,
            "image_id": 99,
            "category_id": 1,
            "bbox": [
                62,
                28,
                17.5,
                11.5
            ],
            "area": 201.25,
            "segmentation": [],
            "iscrowd": 0
        },
        {
            "id": 190,
            "image_id": 100,
            "category_id": 1,
            "bbox": [
                10,
                37,
                90,
                64
            ],
            "area": 5760,
            "segmentation": [],
            "iscrowd": 0
        },
        {
            "id": 191,
            "image_id": 101,
            "category_id": 1,
            "bbox": [
                84,
                49,
                38,
                50.5
            ],
            "area": 1919,
            "segmentation": [],
            "iscrowd": 0
        }
    ]
}